{
  "format_version": "1.16.100",
  "minecraft:item": {
    "description": {
      "identifier": "minecraft:birch_boat",
      "aliases": [
        "minecraft:boat:2"
      ]
    },
    "components": {
      "minecraft:max_stack_size": 1,
      "minecraft:stacked_by_data": true,
      "minecraft:liquid_clipped": true,
      "minecraft:entity_placer": {
        "entity": "minecraft:boat",
        "variant": 2,
        "dispense_on": [
          {
            "tags": "q.any_tag('water')"
          }
        ]
      }
    }
  }
}