{
  "format_version": "1.10",
  "minecraft:item": {
    "description": {
      "identifier": "minecraft:chainmail_boots"
    },
    "components": {
      "minecraft:max_stack_size": 1,
      "minecraft:enchantable": {
        "value": 12,
        "slot": "armor_feet"
      },
      "minecraft:damageable": {
        "max_damage": 240,
        "damage_chance": {
          "min": 60,
          "max": 100
        }
      },
      "minecraft:armor": {
        "protection": 1
      },
      "minecraft:wearable": {
        "slot": "slot.armor.feet"
      }
    }
  }
}