{
  "format_version": "1.16.100",
  "minecraft:item": {
    "description": {
      "identifier": "minecraft:chorus_fruit"
    },

    "components": {
      "minecraft:use_duration": 1.6,
      "minecraft:food": {
        "nutrition": 4,
        "saturation_modifier": "low",
        "can_always_eat": true,
        "on_consume" : {
          "event" : "consumed",
          "target" : "self"
        }
      },
      "minecraft:cooldown": {
        "category": "chorusfruit",
        "duration": 0.67
      }
    },
    "events" : {
      "consumed" : {
        "teleport" : {
          "target" : "holder",
          "max_range" : [8, 8, 8]
        }
      }
    }
  }
}