{
  "format_version": "1.10",
  "minecraft:item": {
    "description": {
      "identifier": "minecraft:enchanted_golden_apple",
      "aliases": [
        "minecraft:appleEnchanted"
      ]
    },
    "components": {
      "minecraft:hand_equipped": false,
      "minecraft:stacked_by_data": true,
      "minecraft:use_duration": 1.6,
      "minecraft:foil": true,
      "minecraft:food": {
        "nutrition": 4,
        "saturation_modifier": "supernatural",
        "can_always_eat": true,
        "effects": [
          {
            "name": "regeneration",
            "chance": 1.0,
            "duration": 30,
            "amplifier": 4
          },
          {
            "name": "absorption",
            "chance": 1.0,
            "duration": 120, // 2 * 60
            "amplifier": 3
          },
          {
            "name": "resistance", // damage resistance
            "chance": 1.0,
            "duration": 300,
            "amplifier": 0
          },
          {
            "name": "fire_resistance",
            "chance": 1.0,
            "duration": 300,
            "amplifier": 0
          }
        ]
      }
    }
  }
}