{
  "format_version": "1.10",
  "minecraft:item": {
    "description": {
      "identifier": "minecraft:hopper_minecart"
    },
    "components": {
      "minecraft:max_stack_size": 1,
      "minecraft:ignores_permission": true,
      "minecraft:entity_placer": {
        "entity": "minecraft:hopper_minecart",
        "use_on": [
          {
            "tags": "q.any_tag('rail')"
          }
        ],
        "dispense_on": [
          {
            "tags": "q.any_tag('rail')"
          }
        ]
      }
    }
  }
}