{
  "format_version": "1.10",
  "minecraft:item": {
    "description": {
      "identifier": "minecraft:iron_boots"
    },
    "components": {
      "minecraft:max_stack_size": 1,
      "minecraft:enchantable": {
        "value": 9,
        "slot": "armor_feet"
      },
      "minecraft:damageable": {
        "max_damage": 195,
        "damage_chance": {
          "min": 60,
          "max": 100
        }
      },
      "minecraft:mining_speed": 6,
      "minecraft:damage": 2,
      "minecraft:armor": {
        "protection": 2
      },
      "minecraft:wearable": {
        "slot": "slot.armor.feet"
      }
    }
  }
}