{
  "format_version": "1.10",
  "minecraft:item": {
    "description": {
      "identifier": "minecraft:iron_hoe"
    },
    "components": {
      "minecraft:max_stack_size": 1,
      "minecraft:hand_equipped": true,
      "minecraft:damageable": {
        "max_damage": 250
      },
      "minecraft:mining_speed": 6,
      "minecraft:damage": 0,
      "minecraft:enchantable": {
        "value": 14,
        "slot": "hoe"
      },
      "minecraft:use_on": {
        "blocks": [
          "grass",
          "dirt",
          "grass_path"
        ]
      },
      "tag:minecraft:is_hoe": {}
    }
  }
}