{
  "format_version": "1.10",
  "minecraft:item": {
    "description": {
      "identifier": "minecraft:trident"
    },
    "components": {
      "minecraft:max_stack_size": 1,
      "minecraft:use_duration": 3600,
      "minecraft:damageable": {
        "max_damage": 250
      },
      "minecraft:throwable": {
        "min_draw_duration": 0.5,
        "max_draw_duration": 1.0,
        "scale_power_by_draw_duration": true
      },
      "minecraft:projectile": {
        "projectile_entity": "minecraft:thrown_trident",
        "minimum_critical_power": 1.0
      }
    }
  }
}