{
  "format_version": "1.20.60",
  "minecraft:biome": {
    "description": {
      "identifier": "birch_forest"
    },
    "components": {
      "minecraft:climate": {
        "downfall": 0.6,
        "snow_accumulation": [ 0.0, 0.125 ],
        "temperature": 0.6
      },
      "minecraft:overworld_height": {
        "noise_type": "default"
      },
      "minecraft:surface_parameters": {
        "sea_floor_depth": 7,
        "sea_floor_material": "minecraft:gravel",
        "foundation_material": "minecraft:stone",
        "mid_material": "minecraft:dirt",
        "top_material": "minecraft:grass",
        "sea_material": "minecraft:water"
      },
      "minecraft:overworld_generation_rules": {
        "hills_transformation": "birch_forest_hills",
        "mutate_transformation": "birch_forest_mutated",
        "generate_for_climates": [
          [ "medium", 1 ]
        ]
      },

      "minecraft:tags": {
        "tags": [
          "animal",
          "birch",
          "forest",
          "monster",
          "overworld",
          "bee_habitat"
        ]
      }
    }
  }
}
