{
  "format_version": "1.20.60",
  "minecraft:biome": {
    "description": {
      "identifier": "stony_peaks"
    },
    "components": {
      "minecraft:climate": {
        "downfall": 0.3,
        "temperature": 1.0
      },
      "minecraft:mountain_parameters": {
        "peaks_factor": 1,
        "steep_material_adjustment": {
          "material": "minecraft:stone",
          "north_slopes": true,
          "east_slopes": true
        },
        "top_slide": {
          "enabled": false
        }
      },
      "minecraft:surface_parameters": {
        "sea_floor_depth": 7,
        "sea_floor_material": "minecraft:gravel",
        "foundation_material": "minecraft:stone",
        "mid_material": "minecraft:stone",
        "top_material": "minecraft:stone",
        "sea_material": "minecraft:water"
      },
      "minecraft:surface_material_adjustments": {
        "adjustments": [
          {
            "materials": {
              "mid_material": "minecraft:calcite",
              "top_material": "minecraft:calcite"
            },
            "noise_frequency_scale": 0.015,
            "noise_range": [ -0.0125, 0.0125 ]
          }
        ]
      },
      "minecraft:tags": {
        "tags": [
          "mountains",
          "monster",
          "overworld"
        ]
      }
    }
  }
}
